url,name,address,city,state,phone
https://www.real-books.co/,Results,"122 King Rd, Chichester, NH 03258",Chichester,NH,(603) 892-8879
https://www.cpmtax.com/?utm_source=google&utm_medium=google_business_profile&utm_campaign=website_click,Results,"563 NH-106 Unit 6, Loudon, NH 03307",Loudon,NH,(603) 798-4100
https://www.masonrich.com/,Results,"6 Bicentennial Square, Concord, NH 03301",Concord,NH,(603) 224-2000
https://eltcpa.com/,Results,"22 Bridge St Suite 11, Concord, NH 03301",Concord,NH,(508) 759-8328
http://www.nhscpa.org/,Results,"1750 Elm St #403, Manchester, NH 03104",Manchester,NH,(603) 622-1999
https://www.kfxtaxes.com/,Results,"21 Laurel Dr, Bow, NH 03304",Bow,NH,(603) 333-1885
https://edwardscpagroup.com/,Results,"51 Park St, Northfield, NH 03276",Northfield,NH,(603) 286-8000
http://www.bargreencpa.com/,Results,"1015 Elm St #203, Manchester, NH 03101",Manchester,NH,(603) 622-1410
http://pleasantlakeaccounting.com/,Results,"3A Pleasant Ln, Warner, NH 03278",Warner,NH,(603) 746-3097
https://maloneyandkennedy.com/,Results,"1912 Dover Rd, Epsom, NH 03234",Epsom,NH,(603) 736-9536
https://www.karrboucher.com/,Results,"16 Salmon St Ste 3, Manchester, NH 03104",Manchester,NH,(603) 625-8286
http://www.np-sts.com/,Results,,Chichester,NH,
http://www.jagdavidcpa.com/,Results,"3 W Rd, Hampstead, NH 03841",Hampstead,NH,(603) 893-0594
https://www.hrblock.com/tax-office-near-me/new-hampshire/epsom/27920/?otppartnerid=9308&campaignid=pw_mcm_9308_9762&utm_medium=local,Results,"940 Suncook Valley Hwy S #14, Epsom, NH 03234",Epsom,NH,(603) 736-0548
https://www.blackforestadvisors.com/,Results,"155 Fleet St, Portsmouth, NH 03801",Portsmouth,NH,(617) 378-1995
https://www.thechichesteraccountants.com/,Results,"Cawley Priory, S Pallant, Chichester PO19 1SY, United Kingdom",Chichester PO19 1SY,United,+44 1243 781234
https://abbottaccountingsolutions.com/,Results,"409 Elm St Ste 100, Manchester, NH 03101",Manchester,NH,(603) 493-8479
http://www.maloneyandkennedy.com/,Results,"15 Dartmouth Dr # 203, Auburn, NH 03032",Auburn,NH,(603) 624-8819
http://www.stedmanaccounting.co.uk/,Results,"48 Highland Rd, Chichester PO19 5QT, United Kingdom",Chichester PO19 5QT,United,+44 1243 531071
https://www.lewisbrownlee.co.uk/,Results,"Barns, Appledram, Birdham Rd, Chichester PO20 7EQ, United Kingdom",Chichester PO20 7EQ,United,+44 1243 782423
https://www.plodzik.com/,Results,"193 N Main St, Concord, NH 03301",Concord,NH,(603) 225-6996
https://www.venningadvisors.com/,Results,"84 W Broadway, Derry, NH 03038",Derry,NH,(603) 434-7500
