url,name,address,city,state,phone
https://maloneyandkennedy.com/,Results,"1912 Dover Rd, Epsom, NH 03234",Epsom,NH,(603) 736-9536
https://www.hrblock.com/tax-office-near-me/new-hampshire/epsom/27920/?otppartnerid=9308&campaignid=pw_mcm_9308_9762&utm_medium=local,Results,"940 Suncook Valley Hwy S #14, Epsom, NH 03234",Epsom,NH,(603) 736-0548
http://www.howcocpas.com/,Results,"67 NH-27, Raymond, NH 03077",Raymond,NH,(603) 895-0101
https://www.cpmtax.com/?utm_source=google&utm_medium=google_business_profile&utm_campaign=website_click,Results,"563 NH-106 Unit 6, Loudon, NH 03307",Loudon,NH,(603) 798-4100
http://www.ridgeline-accounting.com/,Results,"North Sutton, NH 03260",North Sutton,NH,(802) 522-6931
http://www.np-sts.com/,Results,,Epsom,NH,
https://www.plodzik.com/,Results,"193 N Main St, Concord, NH 03301",Concord,NH,(603) 225-6996
http://www.nhscpa.org/,Results,"1750 Elm St #403, Manchester, NH 03104",Manchester,NH,(603) 622-1999
https://eltcpa.com/,Results,"22 Bridge St Suite 11, Concord, NH 03301",Concord,NH,(508) 759-8328
https://www.real-books.co/,Results,"122 King Rd, Chichester, NH 03258",Chichester,NH,(603) 892-8879
https://edwardscpagroup.com/,Results,"51 Park St, Northfield, NH 03276",Northfield,NH,(603) 286-8000
https://www.kfxtaxes.com/,Results,"21 Laurel Dr, Bow, NH 03304",Bow,NH,(603) 333-1885
https://www.stevengeercpa.com/,Results,"Gilford, NH 03249",Gilford,NH,(603) 293-0426
http://kjecpa.com/,Results,"36 Country Club Rd, Gilford, NH 03249",Gilford,NH,(603) 527-8427
http://www.davidsonandstone.com/,Results,"1 Pillsbury St #100, Concord, NH 03301",Concord,NH,(603) 223-0037
https://abbottaccountingsolutions.com/,Results,"409 Elm St Ste 100, Manchester, NH 03101",Manchester,NH,(603) 493-8479
https://www.youngclausco.com/,Results,"65 Lafayette Rd # 102, North Hampton, NH 03862",North Hampton,NH,(603) 964-2772
http://www.appletreebusiness.com/,Results,"15 Londonderry Rd, Londonderry, NH 03053",Londonderry,NH,(603) 434-2775
http://www.fournierabservices.com/,Results,,Epsom,NH,(603) 321-6420
https://www.bowenbookkeepingservices.com/,Results,,Epsom,NH,(603) 812-3404
https://www.masonrich.com/,Results,"6 Bicentennial Square, Concord, NH 03301",Concord,NH,(603) 224-2000
http://www.jagdavidcpa.com/,Results,"3 W Rd, Hampstead, NH 03841",Hampstead,NH,(603) 893-0594
https://www.early.cpa/,Early CPA,"156 Broad St, Claremont, NH 03743",Claremont,NH,(603) 543-3882
http://www.travisterrycpa.com/,Travis Terry CPA & Co,"25 Main St, Salem, NH 03079",Salem,NH,(603) 898-2511
